﻿<?xml version="1.0" encoding="UTF-8"?>
<Window>
  <Font name="宋体" size="13" bold="false"/>
  <Font name="宋体" size="12"/>
  <HorizontalLayout>
    <VerticalLayout>
      <HorizontalLayout height="40" inset="1,0,0,0">
        <Container bkimage="examine_background.bmp" inset="10,10,0,0">
          <HorizontalLayout>
            <Text text="科目：" ></Text>
            <ComboBox name="checkExamSubject" width="130" height="18" bkimage="file='control.png' source='14,60,169,80'">
            </ComboBox>
            <Text text="题型：" ></Text>
            <ComboBox name="checkExamQueType" width="100" height="18" bkimage="file='control.png' source='14,60,169,80'">
            </ComboBox>
            <Control width="20" />
            <Button name="checkExamSearch" text="查询" width="90" height="18" normalimage="toolbar_normal.png" hotimage="toolbar_hover.png" pushedimage="toolbar_pushed.png" bkcolor="0xFFC0FF3E"></Button>
            <Control width="20" />
            <Button name="checkExamAnswer" text="参考答案" width="90" height="18" normalimage="toolbar_normal.png" hotimage="toolbar_hover.png" pushedimage="toolbar_pushed.png" bkcolor="0xFFC0FF3E"></Button>
            <Control width="20" />
            <Text text="得分："></Text>
            <Edit name="checkExamScore" text="" width="50" height="18" normalimage="toolbar_normal.png" hotimage="toolbar_hover.png" pushedimage="toolbar_pushed.png" bkcolor="0xFF7FFFD4"></Edit>
            <Control width="20" />
            <Button name="checkExamNext" text="下一题" width="90" height="18" normalimage="toolbar_normal.png" hotimage="toolbar_hover.png" pushedimage="toolbar_pushed.png" bkcolor="0xFF3A5FCD"></Button>
            <Control width="20" />
            <Button name="checkExamPopAnswer" text="答案弹框" width="90" height="18" normalimage="toolbar_normal.png" hotimage="toolbar_hover.png" pushedimage="toolbar_pushed.png" bkcolor="0xFF3A5FCD"></Button>
          </HorizontalLayout>
        </Container>
      </HorizontalLayout>
      <HorizontalLayout inset="1,1,1,1">
        <HorizontalLayout>
            <Text name="quesAndAnswerText" text=""  showhtml="true"></Text>
        </HorizontalLayout>
      </HorizontalLayout>
    </VerticalLayout>
  </HorizontalLayout>
</Window>