<?xml version="1.0" encoding="UTF-8"?>
<Window size="308,228" caption="0,0,0,36" roundcorner="4,4" >
	<Font name="宋体" size="13" bold="true" />
	  <Font name="宋体" size="12" bold="true" />
	  <Font name="宋体" size="12" />
	  <Font name="宋体" size="14" bold="true" />
	  <Font name="宋体" size="22" bold="true" italic="true"/>
	  <Font name="宋体" size="12" />
	<Default name="VScrollBar" value="button1normalimage=&quot;file='scrollbar.bmp' source='0,90,16,106' mask='#FFFF00FF'&quot; button1hotimage=&quot;file='scrollbar.bmp' source='18,90,34,106' mask='#FFFF00FF'&quot; button1pushedimage=&quot;file='scrollbar.bmp' source='36,90,52,106' mask='#FFFF00FF'&quot; button1disabledimage=&quot;file='scrollbar.bmp' source='54,90,70,106' mask='#FFFF00FF'&quot; button2normalimage=&quot;file='scrollbar.bmp' source='0,108,16,124' mask='#FFFF00FF'&quot; button2hotimage=&quot;file='scrollbar.bmp' source='18,108,34,124' mask='#FFFF00FF'&quot; button2pushedimage=&quot;file='scrollbar.bmp' source='36,108,52,124' mask='#FFFF00FF'&quot; button2disabledimage=&quot;file='scrollbar.bmp' source='54,108,70,124' mask='#FFFF00FF'&quot; thumbnormalimage=&quot;file='scrollbar.bmp' source='0,126,16,142' corner='2,2,2,2' mask='#FFFF00FF'&quot; thumbhotimage=&quot;file='scrollbar.bmp' source='18,126,34,142' corner='2,2,2,2' mask='#FFFF00FF'&quot; thumbpushedimage=&quot;file='scrollbar.bmp' source='36,126,52,142' corner='2,2,2,2' mask='#FFFF00FF'&quot; thumbdisabledimage=&quot;file='scrollbar.bmp' source='54,126,70,142' corner='2,2,2,2' mask='#FFFF00FF'&quot; railnormalimage=&quot;file='scrollbar.bmp' source='0,144,16,160' corner='2,2,2,2' mask='#FFFF00FF'&quot; railhotimage=&quot;file='scrollbar.bmp' source='18,144,34,160' corner='2,2,2,2' mask='#FFFF00FF'&quot; railpushedimage=&quot;file='scrollbar.bmp' source='36,144,52,160' corner='2,2,2,2' mask='#FFFF00FF'&quot; raildisabledimage=&quot;file='scrollbar.bmp' source='54,144,70,160' corner='2,2,2,2' mask='#FFFF00FF'&quot; bknormalimage=&quot;file='scrollbar.bmp' source='0,162,16,178' corner='2,2,2,2' mask='#FFFF00FF'&quot; bkhotimage=&quot;file='scrollbar.bmp' source='18,162,34,178' corner='2,2,2,2' mask='#FFFF00FF'&quot; bkpushedimage=&quot;file='scrollbar.bmp' source='36,162,52,178' corner='2,2,2,2' mask='#FFFF00FF'&quot; bkdisabledimage=&quot;file='scrollbar.bmp' source='54,162,70,178' corner='2,2,2,2' mask='#FFFF00FF'&quot; " />
	<HorizontalLayout>
	<VerticalLayout inset="20,50,10,10"  >
              <HorizontalLayout height="20">
                <Text text="旧密码：" font="3"  />
                <Edit name="oldPasswd" password="true" height="18"  width="100" maxchar="20" bordercolor="#FF4EA0D1" bordersize="1" />
              </HorizontalLayout>
              <Control height="20" />
              <HorizontalLayout  height="20">
                <Text text="新密码：" font="3"  />
                <Edit name="newPasswd" password="true" height="18"  width="100" maxchar="20" bordercolor="#FF4EA0D1" bordersize="1" />
              </HorizontalLayout>
              <Control height="20" />
              <HorizontalLayout  height="20">
                <Text text="重复密码："  font="3" />
                <Edit name="rePasswd" password="true" height="18"  width="100" maxchar="20" bordercolor="#FF4EA0D1" bordersize="1" />
              </HorizontalLayout>
              <Control height="20" />
              <Button name="updatePasswd" text="确定" normalimage="file='button_nor.bmp'" hotimage="file='button_over.bmp'" pushedimage="file='button_down.bmp'" width="100" height="30" />
    </VerticalLayout>
    </HorizontalLayout>
</Window>